"league_id","dogwins","games","leaguescore"
1,173,1728,0.100115740740741
1729,348,3040,0.114473684210526
4769,322,3040,0.105921052631579
7809,275,2448,0.11233660130719
10257,308,3017,0.102088167053364
13274,241,2448,0.0984477124183007
17642,169,2052,0.0823586744639376
19694,178,1824,0.0975877192982456
21518,315,3040,0.103618421052632
