"season","dogwins","games","seasonscore"
"2008/2009",262,3326,0.0787733012627781
"2009/2010",260,3230,0.0804953560371517
"2010/2011",290,3260,0.0889570552147239
"2011/2012",287,3220,0.0891304347826087
"2012/2013",312,3260,0.0957055214723926
"2013/2014",277,3032,0.0913588390501319
"2014/2015",310,3325,0.0932330827067669
"2015/2016",331,3326,0.0995189416716777
